{
    "revenue_trend": {
        "April": 1113122.58,
        "August": 1944327.6,
        "December": 549700.54,
        "February": 593661.8,
        "January": 417171.8,
        "July": 1605263.03,
        "June": 1276277.11,
        "March": 790176.45,
        "May": 1281628.83,
        "November": 501362.97,
        "October": 981063.09,
        "September": 1103861.8
    },
    "cancellation_rate": "37.04%",
    "geo_distribution": {
        "PRT": 48590,
        "GBR": 12129,
        "FRA": 10415,
        "ESP": 8568,
        "DEU": 7287,
        "ITA": 3766,
        "IRL": 3375,
        "BEL": 2342,
        "BRA": 2224,
        "NLD": 2104
    },
    "lead_time_distribution": {
        "count": 119390.0,
        "mean": 104.01141636652986,
        "std": 106.86309704798794,
        "min": 0.0,
        "25%": 18.0,
        "50%": 69.0,
        "75%": 160.0,
        "max": 737.0
    }
}